{
    "accuracy": 0.9631236442516269,
    "precision_weighted": 0.9678116175149478,
    "recall_weighted": 0.9631236442516269,
    "f1_score_weighted": 0.9623349707498179,
    "classification_report": {
        "0": {
            "precision": 1.0,
            "recall": 1.0,
            "f1-score": 1.0,
            "support": 12.0
        },
        "1": {
            "precision": 0.7692307692307693,
            "recall": 0.7692307692307693,
            "f1-score": 0.7692307692307693,
            "support": 13.0
        },
        "2": {
            "precision": 1.0,
            "recall": 1.0,
            "f1-score": 1.0,
            "support": 13.0
        },
        "3": {
            "precision": 1.0,
            "recall": 1.0,
            "f1-score": 1.0,
            "support": 13.0
        },
        "4": {
            "precision": 1.0,
            "recall": 1.0,
            "f1-score": 1.0,
            "support": 12.0
        },
        "5": {
            "precision": 1.0,
            "recall": 1.0,
            "f1-score": 1.0,
            "support": 13.0
        },
        "6": {
            "precision": 1.0,
            "recall": 1.0,
            "f1-score": 1.0,
            "support": 13.0
        },
        "7": {
            "precision": 1.0,
            "recall": 1.0,
            "f1-score": 1.0,
            "support": 13.0
        },
        "8": {
            "precision": 1.0,
            "recall": 1.0,
            "f1-score": 1.0,
            "support": 13.0
        },
        "9": {
            "precision": 1.0,
            "recall": 1.0,
            "f1-score": 1.0,
            "support": 12.0
        },
        "10": {
            "precision": 1.0,
            "recall": 0.8333333333333334,
            "f1-score": 0.9090909090909091,
            "support": 12.0
        },
        "11": {
            "precision": 1.0,
            "recall": 1.0,
            "f1-score": 1.0,
            "support": 13.0
        },
        "12": {
            "precision": 1.0,
            "recall": 1.0,
            "f1-score": 1.0,
            "support": 12.0
        },
        "13": {
            "precision": 1.0,
            "recall": 1.0,
            "f1-score": 1.0,
            "support": 13.0
        },
        "14": {
            "precision": 1.0,
            "recall": 1.0,
            "f1-score": 1.0,
            "support": 13.0
        },
        "15": {
            "precision": 1.0,
            "recall": 1.0,
            "f1-score": 1.0,
            "support": 13.0
        },
        "16": {
            "precision": 1.0,
            "recall": 1.0,
            "f1-score": 1.0,
            "support": 13.0
        },
        "17": {
            "precision": 1.0,
            "recall": 1.0,
            "f1-score": 1.0,
            "support": 13.0
        },
        "18": {
            "precision": 1.0,
            "recall": 1.0,
            "f1-score": 1.0,
            "support": 12.0
        },
        "19": {
            "precision": 0.8181818181818182,
            "recall": 0.6923076923076923,
            "f1-score": 0.75,
            "support": 13.0
        },
        "20": {
            "precision": 0.7333333333333333,
            "recall": 0.8461538461538461,
            "f1-score": 0.7857142857142857,
            "support": 13.0
        },
        "21": {
            "precision": 1.0,
            "recall": 1.0,
            "f1-score": 1.0,
            "support": 13.0
        },
        "22": {
            "precision": 1.0,
            "recall": 1.0,
            "f1-score": 1.0,
            "support": 12.0
        },
        "23": {
            "precision": 1.0,
            "recall": 1.0,
            "f1-score": 1.0,
            "support": 13.0
        },
        "24": {
            "precision": 1.0,
            "recall": 1.0,
            "f1-score": 1.0,
            "support": 13.0
        },
        "25": {
            "precision": 0.65,
            "recall": 1.0,
            "f1-score": 0.7878787878787878,
            "support": 13.0
        },
        "26": {
            "precision": 1.0,
            "recall": 1.0,
            "f1-score": 1.0,
            "support": 13.0
        },
        "27": {
            "precision": 1.0,
            "recall": 1.0,
            "f1-score": 1.0,
            "support": 13.0
        },
        "28": {
            "precision": 0.7692307692307693,
            "recall": 0.7692307692307693,
            "f1-score": 0.7692307692307693,
            "support": 13.0
        },
        "29": {
            "precision": 1.0,
            "recall": 1.0,
            "f1-score": 1.0,
            "support": 13.0
        },
        "30": {
            "precision": 1.0,
            "recall": 1.0,
            "f1-score": 1.0,
            "support": 13.0
        },
        "31": {
            "precision": 1.0,
            "recall": 1.0,
            "f1-score": 1.0,
            "support": 12.0
        },
        "32": {
            "precision": 1.0,
            "recall": 1.0,
            "f1-score": 1.0,
            "support": 13.0
        },
        "33": {
            "precision": 1.0,
            "recall": 1.0,
            "f1-score": 1.0,
            "support": 12.0
        },
        "34": {
            "precision": 1.0,
            "recall": 1.0,
            "f1-score": 1.0,
            "support": 13.0
        },
        "35": {
            "precision": 1.0,
            "recall": 1.0,
            "f1-score": 1.0,
            "support": 13.0
        },
        "36": {
            "precision": 1.0,
            "recall": 1.0,
            "f1-score": 1.0,
            "support": 13.0
        },
        "37": {
            "precision": 1.0,
            "recall": 1.0,
            "f1-score": 1.0,
            "support": 13.0
        },
        "38": {
            "precision": 1.0,
            "recall": 1.0,
            "f1-score": 1.0,
            "support": 13.0
        },
        "39": {
            "precision": 1.0,
            "recall": 1.0,
            "f1-score": 1.0,
            "support": 13.0
        },
        "40": {
            "precision": 1.0,
            "recall": 1.0,
            "f1-score": 1.0,
            "support": 13.0
        },
        "41": {
            "precision": 1.0,
            "recall": 1.0,
            "f1-score": 1.0,
            "support": 13.0
        },
        "42": {
            "precision": 1.0,
            "recall": 1.0,
            "f1-score": 1.0,
            "support": 13.0
        },
        "43": {
            "precision": 1.0,
            "recall": 1.0,
            "f1-score": 1.0,
            "support": 13.0
        },
        "44": {
            "precision": 1.0,
            "recall": 1.0,
            "f1-score": 1.0,
            "support": 13.0
        },
        "45": {
            "precision": 1.0,
            "recall": 1.0,
            "f1-score": 1.0,
            "support": 12.0
        },
        "46": {
            "precision": 1.0,
            "recall": 1.0,
            "f1-score": 1.0,
            "support": 13.0
        },
        "47": {
            "precision": 1.0,
            "recall": 1.0,
            "f1-score": 1.0,
            "support": 13.0
        },
        "48": {
            "precision": 1.0,
            "recall": 0.46153846153846156,
            "f1-score": 0.631578947368421,
            "support": 13.0
        },
        "49": {
            "precision": 1.0,
            "recall": 1.0,
            "f1-score": 1.0,
            "support": 12.0
        },
        "50": {
            "precision": 1.0,
            "recall": 1.0,
            "f1-score": 1.0,
            "support": 13.0
        },
        "51": {
            "precision": 1.0,
            "recall": 1.0,
            "f1-score": 1.0,
            "support": 13.0
        },
        "52": {
            "precision": 1.0,
            "recall": 1.0,
            "f1-score": 1.0,
            "support": 13.0
        },
        "53": {
            "precision": 1.0,
            "recall": 1.0,